Country,Count
Argentina,1
Australia,8
Austria,2
Bahamas,1
Belgium,3
Bermuda,1
Brazil,17
Canada,19
Chile,2
China,173
Colombia,3
Croatia,2
Czech Republic,1
Denmark,2
Ecuador,1
Estonia,2
Finland,4
France,23
Germany,29
Hong Kong,7
India,68
Indonesia,6
Ireland,6
Israel,22
Italy,1
Japan,6
Lithuania,2
Luxembourg,1
Malaysia,1
Mexico,8
Netherlands,7
Nigeria,1
Norway,5
Philippines,2
Senegal,1
Seychelles,1
Singapore,13
South Africa,2
South Korea,15
Spain,4
Sweden,8
Switzerland,6
Thailand,2
Turkey,3
United Arab Emirates,3
United Kingdom,46
United States of America,632
Vietnam,2
